{"Singles":[{"Koef":-4.4000000000000004,"Power":2},{"Koef":2.6000000000000001,"Power":1},{"Koef":-9,"Power":0}]}